PlotID_sel,PlotID,sel,HT,EPH_0.5_median_quantile_0.9_DSM,EPH_0.5_median_quantile_0.9_PC
2001_1001,2001,1001,32,31.32,44.16666667
2001_1002,2001,1002,46,22.19666667,31.13333333
2001_1003,2001,1003,46,39.35333333,48.51333333
2001_1004,2001,1004,40,43.69,53.43333333
2001_1005,2001,1005,37,28.03333333,40.76666667
2001_1006,2001,1006,41,48.43333333,63.04
2001_1007,2001,1007,47,44.72666667,64.86666667
2001_1008,2001,1008,45,52.52666667,68.03333333
2001_1009,2001,1009,37,52.99666667,68.02
2001_1010,2001,1010,57,50.66666667,68.76
2001_1011,2001,1011,46,43.12,58.06666667
2001_1012,2001,1012,45,30.76666667,45.2
2001_1013,2001,1013,58,61.33,78.90666667
2001_1014,2001,1014,44,35.95333333,44.21666667
2001_1015,2001,1015,58,48.35666667,66.34
2001_1016,2001,1016,56,60.60666667,79.73333333
2001_1017,2001,1017,53,45.83333333,61.32333333
2001_1018,2001,1018,52,56.60666667,67.58333333
2001_1019,2001,1019,51,54.46,66.02666667
2001_1020,2001,1020,53,62.36666667,69.13333333
2001_1021,2001,1021,67,72.08333333,78.36666667
2001_1022,2001,1022,53,55.27333333,64.43333333
2001_1023,2001,1023,50,67.08,73.33333333
2001_1024,2001,1024,57,50.49666667,58.27333333
2001_1025,2001,1025,55,46.15,61.28333333
2001_1026,2001,1026,46,59.34,66.16666667
2001_1027,2001,1027,52,62.57,75.82
2001_1028,2001,1028,47,68.39666667,79.62666667
2001_1029,2001,1029,48,60.62333333,72.01333333
2001_1030,2001,1030,53,72.24666667,83.58333333
2001_1031,2001,1031,50,55.01333333,66.30333333
2001_1032,2001,1032,45,54.16,61.33333333
2001_1033,2001,1033,51,58.89333333,65.12333333
2001_1034,2001,1034,51,54.82666667,72.84
2001_1035,2001,1035,50,50.66,56.13333333
2001_1036,2001,1036,47,37.59333333,46.75
2001_2001,2001,2001,44,50.7,60.96333333
2001_2002,2001,2002,48,57.41666667,73.56666667
2001_2003,2001,2003,33,40.67666667,48.94
2001_2004,2001,2004,49,50.03333333,66.25666667
2001_2005,2001,2005,50,48.05333333,60.68333333
2001_2006,2001,2006,59,55.31666667,70.49666667
2001_2007,2001,2007,48,55.87333333,68.70666667
2001_2008,2001,2008,52,48.44,63.10666667
2001_2009,2001,2009,56,57.87333333,70.05666667
2001_2010,2001,2010,57,59.23666667,75.1
2001_2011,2001,2011,59,57.71,71.32666667
2001_2012,2001,2012,51,59.9,69.13666667
2001_2013,2001,2013,58,69.11,82.50666667
2001_2014,2001,2014,52,66.43,81.76666667
2001_2015,2001,2015,46,55.67333333,65.94
2001_2016,2001,2016,52,58.10333333,74.43333333
2001_2017,2001,2017,51,63.37,77.03333333
2001_2018,2001,2018,60,62.84333333,80.77666667
2001_2019,2001,2019,52,57.43666667,70.42
2001_2020,2001,2020,50,60.84,65.44666667
2001_2021,2001,2021,55,60.47666667,69.13333333
2001_2022,2001,2022,54,69.45666667,73.53333333
2001_2023,2001,2023,60,66.88,74.77333333
2001_2024,2001,2024,45,57.37,69.86666667
2001_2025,2001,2025,48,59.13333333,73.5
2001_2026,2001,2026,57,54.28333333,59.57333333
2001_2027,2001,2027,51,59.08666667,72.03333333
2001_2028,2001,2028,45,37.99,56.54
2001_2029,2001,2029,49,64.22333333,73.96666667
2001_2030,2001,2030,54,60.52,71.56666667
2001_2031,2001,2031,49,56.36666667,72.01666667
2001_2032,2001,2032,54,63.66666667,68.30666667
2001_2033,2001,2033,55,60.84,69.63333333
2001_2034,2001,2034,53,46.42666667,62.11666667
2001_2035,2001,2035,52,54.86,57.73333333
2001_2036,2001,2036,50,65.2,69.65
2001_3001,2001,3001,53,60.48333333,67.06666667
2001_3002,2001,3002,52,54.28666667,63.21666667
2001_3003,2001,3003,54,59.45,64.31
2001_3004,2001,3004,48,53.72666667,68.95666667
2001_3005,2001,3005,53,57.77666667,67.64
2001_3006,2001,3006,55,53.25,67.43333333
2001_3007,2001,3007,44,30.79,56.84
2001_3008,2001,3008,43,41.87666667,60.05
2001_3009,2001,3009,46,51.86,60.01333333
2001_3010,2001,3010,49,51.8,60.46666667
2001_3011,2001,3011,42,33.88666667,51.15666667
2001_3012,2001,3012,42,38.65666667,47.73333333
2001_3013,2001,3013,44,28.68,49.44666667
2001_3014,2001,3014,47,51.86,67.33333333
2001_3015,2001,3015,52,69.35333333,81.29333333
2001_3016,2001,3016,44,53.97666667,66.12333333
2001_3017,2001,3017,52,50.96,71.76666667
2001_3018,2001,3018,51,53.97666667,70.56666667
2001_3019,2001,3019,39,32.24333333,59.16333333
2001_3020,2001,3020,56,61.63,68.12333333
2001_3021,2001,3021,41,64.63333333,71.94
2001_3022,2001,3022,47,60.42666667,65.31
2001_3023,2001,3023,49,56.71666667,69.94
2001_3024,2001,3024,44,31.42666667,53.06666667
2001_3025,2001,3025,34,36.04333333,52.36666667
2001_3026,2001,3026,44,61.03333333,70.62666667
2001_3027,2001,3027,52,61.02333333,69.8
2001_3028,2001,3028,53,57.28666667,73.2
2001_3029,2001,3029,59,58.2,69.78333333
2001_3030,2001,3030,51,39.66333333,55.33333333
2001_3031,2001,3031,44,32.68666667,46.93333333
2001_3032,2001,3032,48,57.68,67.87666667
2001_3033,2001,3033,48,44.54666667,50.56666667
2001_3034,2001,3034,48,59.8,69.83333333
2001_3035,2001,3035,48,65.11333333,69.65333333
2001_3036,2001,3036,53,62.7,72.80333333
2001_4001,2001,4001,45,62.10333333,72.31
2001_4002,2001,4002,50,64.28666667,74.8
2001_4003,2001,4003,50,57.99666667,69
2001_4004,2001,4004,45,49.52666667,67.75666667
2001_4005,2001,4005,48,59.38333333,70.63333333
2001_4006,2001,4006,48,75.70333333,86.10666667
2001_4007,2001,4007,51,56.51333333,73.47666667
2001_4008,2001,4008,46,56.15333333,79.06666667
2001_4009,2001,4009,48,50.7,68.75666667
2001_4010,2001,4010,41,52.31666667,72.56333333
2001_4011,2001,4011,49,48.02666667,65.75333333
2001_4012,2001,4012,44,59.62,73.34333333
2001_4013,2001,4013,45,51.47,70.53333333
2001_4014,2001,4014,51,42.31,68.53333333
2001_4015,2001,4015,53,55.49666667,74.68333333
2001_4016,2001,4016,52,40.08333333,63.83333333
2001_4017,2001,4017,45,55.88666667,67
2001_4018,2001,4018,52,53.06,70.92666667
2001_4019,2001,4019,46,43.84,60.06666667
2001_4020,2001,4020,42,58.32333333,76.88333333
2001_4021,2001,4021,53,43.56666667,64.21666667
2001_4022,2001,4022,51,59.22,76.95666667
2001_4023,2001,4023,51,50.90333333,57.66666667
2001_4024,2001,4024,50,42.78,58.84333333
2001_4025,2001,4025,47,42.11666667,61.93333333
2001_4026,2001,4026,47,47.37666667,63.15333333
2001_4027,2001,4027,44,60.62666667,72.56666667
2001_4028,2001,4028,46,54.51666667,67.56666667
2001_4029,2001,4029,49,56.69666667,67.87666667
2001_4030,2001,4030,50,38.48333333,54.5
2001_4031,2001,4031,42,56.39333333,68.93333333
2001_4032,2001,4032,48,59.83666667,71.26666667
2001_4033,2001,4033,51,64.43666667,83.63333333
2001_4034,2001,4034,51,55.84333333,62.2
2001_4035,2001,4035,47,53.55333333,60.7
2001_4036,2001,4036,50,67.3,75.91666667
2002_1001,2002,1001,49,32.50666667,37.68333333
2002_1002,2002,1002,49,44.59666667,56.14
2002_1003,2002,1003,36,34.34333333,46.62
2002_1004,2002,1004,53,48.58666667,63.52666667
2002_1005,2002,1005,52,48.22666667,61.96666667
2002_1006,2002,1006,46,33.29333333,41.8
2002_1007,2002,1007,52,50.69666667,68.28666667
2002_1008,2002,1008,51,52.09,61.53333333
2002_1009,2002,1009,49,43.23666667,55.4
2002_1010,2002,1010,52,45.11333333,53.79666667
2002_1011,2002,1011,43,38.03333333,50.13333333
2002_1012,2002,1012,52,35.85666667,49.47666667
2002_1013,2002,1013,50,72.16666667,64.86666667
2002_1014,2002,1014,45,42.34333333,48.4
2002_1015,2002,1015,47,45.03,47.73333333
2002_1016,2002,1016,51,45.83666667,55.11333333
2002_1017,2002,1017,57,59.35666667,71.31666667
2002_1018,2002,1018,51,50.49333333,64.3
2002_1019,2002,1019,45,37.09,60.27666667
2002_1020,2002,1020,55,39.79,56.03
2002_1021,2002,1021,52,62.54333333,76.1
2002_1022,2002,1022,56,47.20666667,70.48333333
2002_1023,2002,1023,52,33.08666667,48
2002_1024,2002,1024,50,48.46333333,66.85
2002_1025,2002,1025,48,50.2,67.31666667
2002_1026,2002,1026,50,31.11,58.52333333
2002_1027,2002,1027,51,55.74333333,75.50666667
2002_1028,2002,1028,42,46.58333333,55.45
2002_1029,2002,1029,55,54.31,73.64
2002_1030,2002,1030,51,44.29,55.53333333
2002_1031,2002,1031,48,51.67,70.71666667
2002_1032,2002,1032,63,38.29666667,62.2
2002_1033,2002,1033,48,47.53333333,60.21666667
2002_1034,2002,1034,38,51.51,53.41666667
2002_1035,2002,1035,55,51.04,63.48333333
2002_1036,2002,1036,53,53.41333333,64.56
2002_2001,2002,2001,44,29.96666667,37.1
2002_2002,2002,2002,41,30.38666667,44.1
2002_2003,2002,2003,45,30.25,46
2002_2004,2002,2004,43,41.73666667,57.8
2002_2005,2002,2005,48,45.65,51.84666667
2002_2006,2002,2006,48,38.88666667,46.63333333
2002_2007,2002,2007,45,41.10666667,57.64
2002_2008,2002,2008,53,58.89333333,70.96
2002_2009,2002,2009,50,60.93,77.71666667
2002_2010,2002,2010,46,57.34666667,72.36666667
2002_2011,2002,2011,49,44.68333333,62.3
2002_2012,2002,2012,55,57.09666667,67.5
2002_2013,2002,2013,50,51.65,64.93333333
2002_2014,2002,2014,46,54.81666667,65.65333333
2002_2015,2002,2015,45,44.62333333,58.51333333
2002_2016,2002,2016,46,57.53666667,70.06666667
2002_2017,2002,2017,46,53.06,63.68
2002_2018,2002,2018,58,49.96666667,64.98
2002_2019,2002,2019,57,57.88,62.12333333
2002_2020,2002,2020,40,48.32666667,52.48
2002_2021,2002,2021,56,71.76333333,80.18333333
2002_2022,2002,2022,47,31.93,44.96666667
2002_2023,2002,2023,55,52.45333333,82.66
2002_2024,2002,2024,50,55.66333333,68.73333333
2002_2025,2002,2025,51,60.02666667,72
2002_2026,2002,2026,47,59.59666667,69.43666667
2002_2027,2002,2027,47,49.88333333,61.62666667
2002_2028,2002,2028,52,47.69666667,58.16666667
2002_2029,2002,2029,44,46.03666667,60.6
2002_2030,2002,2030,44,47.6,58.68333333
2002_2031,2002,2031,60,50.19,61.53333333
2002_2032,2002,2032,48,30.25333333,44.03333333
2002_2033,2002,2033,44,25.04,41.05
2002_2034,2002,2034,49,47.59666667,59.26666667
2002_2035,2002,2035,47,32.96333333,51.3
2002_2036,2002,2036,49,51.00333333,61.31666667
2002_3001,2002,3001,48,54.67333333,66.37333333
2002_3002,2002,3002,45,48.51,64.89333333
2002_3003,2002,3003,47,35.77,52.91666667
2002_3004,2002,3004,46,51.47,75.58333333
2002_3005,2002,3005,41,50.38333333,72.82666667
2002_3006,2002,3006,48,56.12666667,68.14666667
2002_3007,2002,3007,47,49.39666667,66.63333333
2002_3008,2002,3008,38,38.60333333,56.62333333
2002_3009,2002,3009,34,24.76333333,41.09666667
2002_3010,2002,3010,40,34.17333333,52.03
2002_3011,2002,3011,40,23.62333333,42.88666667
2002_3012,2002,3012,41,25.35,35.87666667
2002_3013,2002,3013,52,47.7,68.33333333
2002_3014,2002,3014,46,52.17,69.72333333
2002_3015,2002,3015,39,38.71,52.16666667
2002_3016,2002,3016,41,19.63333333,48.35
2002_3017,2002,3017,43,40.12666667,58.46666667
2002_3018,2002,3018,43,42.08333333,60.26
2002_3019,2002,3019,47,53.28,66.63333333
2002_3020,2002,3020,41,32.29333333,46.3
2002_3021,2002,3021,49,31.6,44.46
2002_3022,2002,3022,50,37.22333333,48.63333333
2002_3023,2002,3023,39,20.86666667,35.16666667
2002_3024,2002,3024,43,34.95666667,51.01333333
2002_3025,2002,3025,33,28.71,35.92333333
2002_3026,2002,3026,47,29.45666667,39.4
2002_3027,2002,3027,39,31.71333333,42.04666667
2002_3028,2002,3028,35,29.58,40.9
2002_3029,2002,3029,54,32.23666667,53.06333333
2002_3030,2002,3030,32,39.28,51.70666667
2002_3031,2002,3031,44,54.56,62.58333333
2002_3032,2002,3032,51,55.59333333,66.66
2002_3033,2002,3033,31,44.81333333,54.75
2002_3034,2002,3034,52,69.72,77.66666667
2002_3035,2002,3035,48,62.29666667,67.86666667
2002_3036,2002,3036,42,53.54,61.42333333
2002_4001,2002,4001,52,51.18666667,59.63333333
2002_4002,2002,4002,49,64.95666667,72.66666667
2002_4003,2002,4003,49,49.05,59.61
2002_4004,2002,4004,47,62.77,73.81666667
2002_4005,2002,4005,48,56.50333333,64.41
2002_4006,2002,4006,49,70.01,77.1
2002_4007,2002,4007,40,23.22,40.68333333
2002_4008,2002,4008,36,35.75333333,49.33333333
2002_4009,2002,4009,44,46.17666667,60.3
2002_4010,2002,4010,41,30.42666667,51.57666667
2002_4011,2002,4011,48,48.31333333,66.33333333
2002_4012,2002,4012,49,36.60666667,56.33666667
2002_4013,2002,4013,39,16.46333333,32.16333333
2002_4014,2002,4014,45,39.98666667,54.96666667
2002_4015,2002,4015,40,27.75,48.48333333
2002_4016,2002,4016,47,47.20666667,61.10333333
2002_4017,2002,4017,39,30.23,45.36
2002_4018,2002,4018,50,42.31333333,67
2002_4019,2002,4019,32,26.76666667,38.03
2002_4020,2002,4020,37,29.16666667,42.3
2002_4021,2002,4021,46,33.81666667,53.97333333
2002_4022,2002,4022,40,37.2,54.93333333
2002_4023,2002,4023,40,33.82,51.56666667
2002_4024,2002,4024,35,35.80666667,49.82
2002_4025,2002,4025,33,44.89,54.83333333
2002_4026,2002,4026,40,41.02333333,54.36666667
2002_4027,2002,4027,44,38.81666667,49.22333333
2002_4028,2002,4028,49,48.17666667,61.98
2002_4029,2002,4029,41,45.61333333,53.4
2002_4030,2002,4030,47,61.83333333,68.1
2002_4031,2002,4031,56,68.46,76.71666667
2002_4032,2002,4032,48,46.89,61.96666667
2002_4033,2002,4033,57,64.78666667,72.98666667
2002_4034,2002,4034,50,55.26333333,60.44666667
2002_4035,2002,4035,48,44.82333333,53.05
2002_4036,2002,4036,42,61.85,67.13
2003_1001,2003,1001,50,58.24666667,68.44666667
2003_1002,2003,1002,48,47.01333333,58.14333333
2003_1003,2003,1003,57,52.82333333,67.14666667
2003_1004,2003,1004,42,44.42,57.39333333
2003_1005,2003,1005,46,47.77333333,60.09333333
2003_1006,2003,1006,43,51.14666667,62.06666667
2003_1007,2003,1007,50,50.25333333,60.03333333
2003_1008,2003,1008,58,45.81,60.39333333
2003_1009,2003,1009,51,44.69333333,57.46666667
2003_1010,2003,1010,46,38.9,53.8
2003_1011,2003,1011,45,54.85666667,64.71666667
2003_1012,2003,1012,39,47.69,56.27
2003_1013,2003,1013,49,29.66666667,41.66666667
2003_1014,2003,1014,35,32.98333333,42.66666667
2003_1015,2003,1015,46,39.63333333,48.7
2003_1016,2003,1016,57,36.12333333,45.26666667
2003_1017,2003,1017,30,38.28,50.18666667
2003_1018,2003,1018,50,36.52333333,49.41333333
2003_1019,2003,1019,47,32.88333333,44.84333333
2003_1020,2003,1020,50,41.62333333,53.36666667
2003_1021,2003,1021,47,56.6,65.73333333
2003_1022,2003,1022,40,54.12666667,61.37333333
2003_1023,2003,1023,39,52.22,61.2
2003_1024,2003,1024,37,37.27333333,43.48333333
2003_1025,2003,1025,30,41.69,50.94666667
2003_1026,2003,1026,45,44.42666667,54.59666667
2003_1027,2003,1027,58,49.01,60.06
2003_1028,2003,1028,54,37.98333333,51.66666667
2003_1029,2003,1029,48,49.97,58.03666667
2003_1030,2003,1030,50,54.17666667,63.43333333
2003_1031,2003,1031,49,59.14333333,62.72666667
2003_1032,2003,1032,40,51.28,56.64333333
2003_1033,2003,1033,44,57.66,61.4
2003_1034,2003,1034,29,51.14666667,54.51
2003_1035,2003,1035,52,47.73666667,53.1
2003_1036,2003,1036,32,52.25333333,56.36666667
2003_1037,2003,1037,40,49.19666667,53.61666667
2003_1038,2003,1038,42,52.55333333,59.84666667
2003_1039,2003,1039,40,51.92666667,58.54
2003_1040,2003,1040,29,53.02,61.13333333
2003_1041,2003,1041,50,49.39,55.69333333
2003_1042,2003,1042,54,45.41,51.2
2003_1043,2003,1043,46,39.01333333,43.08333333
2003_1044,2003,1044,44,36.61666667,43.00333333
2003_1045,2003,1045,47,45.06666667,50.02666667
2003_1046,2003,1046,54,45.39666667,51
2003_1047,2003,1047,44,58.00333333,63.59333333
2003_1048,2003,1048,44,47.58333333,54.18333333
2003_1049,2003,1049,48,49.44333333,56.6
2003_1050,2003,1050,40,52.73666667,58.35666667
2003_1051,2003,1051,50,73.09,77.65666667
2003_1052,2003,1052,55,53.31333333,60.08333333
2003_1053,2003,1053,44,49.04666667,53.5
2003_1054,2003,1054,40,54.14666667,57.87666667
2003_1055,2003,1055,45,51.48333333,55.01666667
2003_1056,2003,1056,33,59.53666667,62.8
2003_1057,2003,1057,45,52.83666667,58.1
2003_1058,2003,1058,43,57.25333333,60.03333333
2003_1059,2003,1059,39,42.12,47.6
2003_1060,2003,1060,42,58.18,62.56666667
2003_1061,2003,1061,47,53.64,59.53666667
2003_1062,2003,1062,47,53.55666667,59.02333333
2003_1063,2003,1063,58,59.09666667,65.06666667
2003_1064,2003,1064,48,53.12666667,59.79
2003_1065,2003,1065,30,48.43,54.8
2003_1066,2003,1066,46,45.45333333,51.62666667
2003_1067,2003,1067,45,55.66666667,60.54
2003_1068,2003,1068,50,49.60333333,56.01
2003_1069,2003,1069,37,51.92333333,59.64
2003_1070,2003,1070,47,50.72666667,56.33333333
2003_1071,2003,1071,39,52.77,58.30333333
2003_1072,2003,1072,48,48.1,51.9
2003_1073,2003,1073,50,51.14,57.96666667
2003_1074,2003,1074,50,53.84,56.86333333
2003_1075,2003,1075,46,48.49666667,51.86333333
2003_1076,2003,1076,35,30.03666667,39.46666667
2003_1077,2003,1077,31,43.48333333,49.59333333
2003_1078,2003,1078,40,48.63333333,54.6
2003_1079,2003,1079,30,41.26333333,48.64
2003_1080,2003,1080,53,46.81,54.05
2003_1081,2003,1081,37,48.01333333,53.02
2003_1082,2003,1082,25,67.27,69.93333333
2003_1083,2003,1083,52,66.76666667,70.36333333
2003_1084,2003,1084,44,51.14666667,54.52666667
2003_1085,2003,1085,40,53.82333333,55.96666667
2003_1086,2003,1086,39,59.76333333,61.67333333
2003_1087,2003,1087,40,57.38,63.28333333
2003_1088,2003,1088,45,50.58666667,55.04666667
2003_1089,2003,1089,50,55.23666667,56.66666667
2003_1090,2003,1090,39,63.94,67.91333333
2003_1091,2003,1091,48,63.92333333,68.48333333
2003_1092,2003,1092,38,48.96333333,53.99333333
2003_1093,2003,1093,49,56.19,58.7
2003_1094,2003,1094,44,39.64333333,46.51
2003_1095,2003,1095,43,43.28,49.63666667
2003_1096,2003,1096,36,50.22333333,56.64
2003_1097,2003,1097,42,57.36666667,64.33333333
2003_1098,2003,1098,49,56.38333333,63.21666667
2003_1099,2003,1099,44,60.92,66.10333333
2003_1100,2003,1100,41,48.12333333,53.87666667
2003_1101,2003,1101,45,64.47666667,74.91333333
2003_1102,2003,1102,54,51.18,61.88333333
2003_1103,2003,1103,50,58.11333333,68.69333333
2003_1104,2003,1104,50,57.12,61.92333333
2003_1105,2003,1105,50,52.29333333,62.56666667
2003_1106,2003,1106,34,56.15,61.63
2003_1107,2003,1107,30,52.11666667,59.13
2003_1108,2003,1108,50,56.73,63.95666667
2003_1109,2003,1109,37,63.21333333,69.12
2003_1110,2003,1110,30,54.52,60.63333333
2003_1111,2003,1111,53,57.37333333,71.68666667
2003_1112,2003,1112,39,59.75333333,70.70333333
2003_1113,2003,1113,60,42.66,54.23333333
2003_1114,2003,1114,36,49.39,60.53333333
2003_1115,2003,1115,40,53.49666667,60.7
2003_1116,2003,1116,50,43.28333333,52.7
2003_1117,2003,1117,54,33.39,40.08
2003_1118,2003,1118,55,40.36,51.10666667
2003_1119,2003,1119,44,37.4,45.61333333
2003_1120,2003,1120,49,46.50333333,58.00333333
2004_1001,2004,1001,56,48.31,59.35
2004_1002,2004,1002,60,51.37666667,64.70666667
2004_1003,2004,1003,43,46.61333333,62.26666667
2004_1004,2004,1004,55,46.68666667,59.26666667
2004_1005,2004,1005,54,49.62333333,61.41333333
2004_1006,2004,1006,54,51.84,64.10333333
2004_1007,2004,1007,50,52.10333333,58.82333333
2004_1008,2004,1008,41,44.62333333,54.83333333
2004_1009,2004,1009,50,45.75,56.13333333
2004_1010,2004,1010,48,43.53333333,55.45333333
2004_1011,2004,1011,51,46.1,55
2004_1012,2004,1012,54,42.38,57.76333333
2004_1013,2004,1013,56,47.31666667,60.25
2004_1014,2004,1014,50,44.20333333,55.38333333
2004_1015,2004,1015,46,47.06,57.83333333
2004_1016,2004,1016,50,50.33333333,60.87
2004_1017,2004,1017,52,47.24666667,59.93666667
2004_1018,2004,1018,42,46.12,58.30666667
2004_1019,2004,1019,46,31.07,44.56666667
2004_1020,2004,1020,55,30.81333333,38.83333333
2004_1021,2004,1021,59,37.97,49.25
2004_1022,2004,1022,60,32.84666667,42.7
2004_1023,2004,1023,36,32.56,41.91
2004_1024,2004,1024,36,30.04,37.4
2004_1025,2004,1025,50,31.63666667,44.3
2004_1026,2004,1026,48,37.33333333,52.86666667
2004_1027,2004,1027,54,30.84666667,42.39333333
2004_1028,2004,1028,54,35.90333333,46.7
2004_1029,2004,1029,45,36.30333333,48.88333333
2004_1030,2004,1030,50,27.29333333,37.25666667
2004_1031,2004,1031,48,36.67666667,46.34
2004_1032,2004,1032,48,30.85,40.1
2004_1033,2004,1033,50,32.49333333,39.88333333
2004_1034,2004,1034,45,30.42,39.28666667
2004_1035,2004,1035,41,41.66333333,53.96666667
2004_1036,2004,1036,49,44.12,53.19666667
2004_1037,2004,1037,59,52.23,63.89333333
2004_1038,2004,1038,60,52.33666667,63.69333333
2004_1039,2004,1039,36,51.18333333,58.02333333
2004_1040,2004,1040,58,55.5,61.86666667
2004_1041,2004,1041,50,48.98,57.4
2004_1042,2004,1042,46,49.30666667,55.92
2004_1043,2004,1043,45,46.53333333,56.29666667
2004_1044,2004,1044,50,51.81666667,59.56666667
2004_1045,2004,1045,56,52.24333333,58.80666667
2004_1046,2004,1046,49,50.85666667,59.2
2004_1047,2004,1047,56,58.09666667,65.12
2004_1048,2004,1048,53,48.75666667,60.44666667
2004_1049,2004,1049,64,46.58666667,57.4
2004_1050,2004,1050,50,49.00666667,55.93333333
2004_1051,2004,1051,43,43.21666667,50.41333333
2004_1052,2004,1052,55,58.07333333,65.23333333
2004_1053,2004,1053,55,50.56333333,58.11666667
2004_1054,2004,1054,44,46.69,54.66666667
2004_1055,2004,1055,48,51.41333333,60.36666667
2004_1056,2004,1056,50,56.48333333,63.8
2004_1057,2004,1057,46,50.70666667,57.68666667
2004_1058,2004,1058,42,38.84666667,44.33
2004_1059,2004,1059,42,54.21,54.73333333
2004_1060,2004,1060,40,40.16,41.51666667
2004_1061,2004,1061,60,53.04333333,58.93333333
2004_1062,2004,1062,68,58.07,64.96333333
2004_1063,2004,1063,41,52.17333333,56.75
2004_1064,2004,1064,58,49.43666667,54.74666667
2004_1065,2004,1065,59,52.04666667,58.43333333
2004_1066,2004,1066,56,56.20666667,58.35
2004_1067,2004,1067,34,52.57333333,58
2004_1068,2004,1068,46,49.34333333,53.63666667
2004_1069,2004,1069,50,47.22,49.65
2004_1070,2004,1070,47,49.89333333,49.4
2004_1071,2004,1071,48,56.58,62.36333333
2004_1072,2004,1072,54,55.46333333,59.36333333
2004_1073,2004,1073,56,51.16,59.82
2004_1074,2004,1074,41,51.43,58.76333333
2004_1075,2004,1075,52,57.10333333,63.86666667
2004_1076,2004,1076,49,52.36666667,61.4
2004_1077,2004,1077,49,56.14,64.49333333
2004_1078,2004,1078,48,41.60666667,46.2
2004_1079,2004,1079,46,49.48,58.4
2004_1080,2004,1080,40,54.92666667,60.76666667
2004_1081,2004,1081,49,54.93,60.88333333
2004_1082,2004,1082,55,39.04666667,58.76666667
2004_1083,2004,1083,56,58.42,65.1
2004_1084,2004,1084,55,45.71333333,48
2004_1085,2004,1085,54,52.74333333,59.43333333
2004_1086,2004,1086,46,55.50333333,65.26666667
2004_1087,2004,1087,48,59.89666667,63.79666667
2004_1088,2004,1088,60,52.14333333,59.33333333
2004_1089,2004,1089,60,54.11333333,60.83
2004_1090,2004,1090,48,54.93,60.46666667
2004_1091,2004,1091,31,52.44666667,59.36666667
2004_1092,2004,1092,36,50.5,54.63333333
2004_1093,2004,1093,37,49.11333333,58
2004_1094,2004,1094,50,54.45333333,58.35333333
2004_1095,2004,1095,40,60.8,66.14666667
2004_1096,2004,1096,41,49.33,54.46666667
2004_1097,2004,1097,54,52.56,58.65666667
2004_1098,2004,1098,50,53.92,59.7
2004_1099,2004,1099,44,55.55666667,62.36666667
2004_1100,2004,1100,46,56.16333333,63.14666667
2004_1101,2004,1101,46,54.47,60.34666667
2004_1102,2004,1102,46,53.16333333,59.81333333
2004_1103,2004,1103,50,57.00666667,63.52
2004_1104,2004,1104,59,54.63,62.96666667
2004_1105,2004,1105,58,54.7,60.6
2004_1106,2004,1106,45,45.29666667,55.18
2004_1107,2004,1107,56,48.22,56.12
2004_1108,2004,1108,60,58.97,64.36666667
2004_1109,2004,1109,49,58.53666667,65.20333333
2004_1110,2004,1110,39,43.20666667,48.82333333
2004_1111,2004,1111,53,51.56666667,59.66
2004_1112,2004,1112,49,54.95,62.21666667
2004_1113,2004,1113,49,47.14333333,58.73333333
2004_1114,2004,1114,34,49.21333333,51.9
2004_1115,2004,1115,42,55.25,61.43333333
2004_1116,2004,1116,45,60.07,64.03333333
2004_1117,2004,1117,48,58.92333333,64.43333333
2004_1118,2004,1118,45,51.4,57.45666667
2004_1119,2004,1119,46,55.62,62.4
2004_1120,2004,1120,50,51.31,56.50333333
2004_1121,2004,1121,43,54.51333333,58.36
2004_1122,2004,1122,46,46.20333333,54.34
2004_1123,2004,1123,49,53.3,58.56666667
2004_1124,2004,1124,46,46.19333333,50.86666667
2004_1125,2004,1125,50,62.71666667,67.49
2004_1126,2004,1126,51,49.62666667,58
2004_1127,2004,1127,49,57.14666667,61.27333333
2004_1128,2004,1128,49,46.38333333,51.36666667
2004_1129,2004,1129,40,47.45333333,54.63666667
2004_1130,2004,1130,47,33.49666667,40.1
2004_1131,2004,1131,46,53.04666667,57.48
2004_1132,2004,1132,46,34.87333333,41.86666667
2004_1133,2004,1133,49,54.99666667,59.13333333
2004_1134,2004,1134,46,57.82666667,65.64333333
2004_1135,2004,1135,49,51.58,56.66666667
2004_1136,2004,1136,46,52.47,57.54
2004_1137,2004,1137,57,52.43333333,58.96666667
2004_1138,2004,1138,40,40.23333333,47.4
2004_1139,2004,1139,51,46.68333333,55.04333333
2004_1140,2004,1140,49,42.38666667,49.94333333
2004_1141,2004,1141,46,45.74666667,53.80333333
2004_1142,2004,1142,50,54.61666667,62.13
2004_1143,2004,1143,48,51.95333333,61.53333333
2004_1144,2004,1144,60,50.6,57.53333333
2004_1145,2004,1145,49,57.06,62.65
2004_1146,2004,1146,50,42.41666667,45.12
2004_1147,2004,1147,50,50.13333333,56.11333333
2004_1148,2004,1148,48,49.45,54.9
2004_1149,2004,1149,44,56.05333333,60.86666667
2004_1150,2004,1150,46,59.87666667,64.01666667
2004_1151,2004,1151,44,44.67666667,52.56666667
2004_1152,2004,1152,47,56.26333333,62.63333333
2004_1153,2004,1153,52,55.16333333,62.66666667
2004_1154,2004,1154,55,58.33666667,64.5
2004_1155,2004,1155,56,58.41666667,64.4
2004_1156,2004,1156,48,40.94333333,46.55
2004_1157,2004,1157,53,53.86,60.24666667
2004_1158,2004,1158,52,50.30666667,57.78
2004_1159,2004,1159,47,44.43666667,58.41666667
2004_1160,2004,1160,50,53.08666667,58.23333333
2004_1161,2004,1161,64,41.34,48.1
2004_1162,2004,1162,56,49.11,58.95666667
2004_1163,2004,1163,47,48.64333333,58.25666667
2004_1164,2004,1164,50,52.03666667,57.81
2004_1165,2004,1165,56,50.59666667,57.42666667
2004_1166,2004,1166,46,53.08333333,58.3
2004_1167,2004,1167,47,46.73333333,56.16666667
2004_1168,2004,1168,45,39.95666667,49.16666667
2004_1169,2004,1169,52,54.25333333,61.96666667
2004_1170,2004,1170,52,51.97333333,60.26666667
2004_1171,2004,1171,46,57.84333333,63.88333333
2004_1172,2004,1172,44,44.62333333,50.46666667
2004_1173,2004,1173,47,52.31333333,59.02
2004_1174,2004,1174,51,42.24666667,49.67333333
2004_1175,2004,1175,50,58.69666667,63.82666667
2004_1176,2004,1176,49,55.22333333,61.03
2004_1177,2004,1177,58,50.70333333,59.15
2004_1178,2004,1178,50,52.48333333,65.66666667
2004_1179,2004,1179,55,43.36,52.84666667
2004_1180,2004,1180,52,45.94333333,57.82666667
